Meet,Session,Discipline
Stanford Open 2026,8,Men
Stanford Open 2026,8,Men
Stanford Open 2026,8,Men
Stanford Open 2026,8,Men
Stanford Open 2026,8,Men
Stanford Open 2026,8,Men
Stanford Open 2026,8,Men
2026 Mardi Gras Invitational,6,Women
2026 Mardi Gras Invitational,6,Women
2026 Mardi Gras Invitational,6,Women
2026 Mardi Gras Invitational,6,Women
2026 Mardi Gras Invitational,6,Women
2026 Mardi Gras Invitational,6,Women
2026 Mardi Gras Invitational,6,Women
2026 Mas Watanabe,4,Men
2026 Mas Watanabe,4,Men
2026 Mas Watanabe,4,Men
2026 Mas Watanabe,4,Men
2026 Mas Watanabe,4,Men
2026 Mas Watanabe,4,Men
2026 Mas Watanabe,4,Men
2026 Muscle Beach Invitational Mens,6,Men
2026 Muscle Beach Invitational Mens,6,Men
2026 Muscle Beach Invitational Mens,6,Men
2026 Muscle Beach Invitational Mens,6,Men
2026 Muscle Beach Invitational Mens,6,Men
2026 Muscle Beach Invitational Mens,6,Men
2026 Muscle Beach Invitational Mens,6,Men
2026 Mardi Gras Invitational,7,Women
2026 Mardi Gras Invitational,7,Women
2026 Mardi Gras Invitational,7,Women
2026 Mardi Gras Invitational,7,Women
2026 Mardi Gras Invitational,7,Women
2026 Mardi Gras Invitational,7,Women
2026 Mardi Gras Invitational,7,Women
